<?xml version="1.0" encoding="utf-8"?>
<!DOCTYPE hibernate-mapping PUBLIC "-//Hibernate/Hibernate Mapping DTD 3.0//EN"
"http://www.hibernate.org/dtd/hibernate-mapping-3.0.dtd">
<!-- 
    Mapping file autogenerated by MyEclipse Persistence Tools
-->
<hibernate-mapping>
    <class name="com.dycaly.TLMSever.Entity.Classify" table="classify" catalog="dycaly">
        <id name="classifyId" type="java.lang.Integer">
            <column name="classifyID" />
            <generator class="assigned" />
        </id>
        <many-to-one name="classify" class="com.dycaly.TLMSever.Entity.Classify" fetch="select">
            <column name="belongsToID" not-null="true" />
        </many-to-one>
        <property name="name" type="java.lang.String">
            <column name="name" not-null="true" />
        </property>
        <property name="layer" type="java.lang.Integer">
            <column name="layer" not-null="true" />
        </property>
        <set name="products" inverse="true">
            <key>
                <column name="belongsToID" not-null="true" />
            </key>
            <one-to-many class="com.dycaly.TLMSever.Entity.Product" />
        </set>
        <set name="classifies" inverse="true">
            <key>
                <column name="belongsToID" not-null="true" />
            </key>
            <one-to-many class="com.dycaly.TLMSever.Entity.Classify" />
        </set>
    </class>
</hibernate-mapping>
