<?xml version="1.0" encoding="utf-8"?>
<!DOCTYPE hibernate-mapping PUBLIC "-//Hibernate/Hibernate Mapping DTD 3.0//EN"
"http://www.hibernate.org/dtd/hibernate-mapping-3.0.dtd">
<!-- 
    Mapping file autogenerated by MyEclipse Persistence Tools
-->
<hibernate-mapping>
    <class name="com.dycaly.TLMSever.Entity.Comment" table="comment" catalog="dycaly">
        <id name="commentId" type="java.lang.Integer">
            <column name="commentID" />
            <generator class="assigned" />
        </id>
        <many-to-one name="product" class="com.dycaly.TLMSever.Entity.Product" fetch="select">
            <column name="productID" not-null="true" />
        </many-to-one>
        <many-to-one name="user" class="com.dycaly.TLMSever.Entity.User" fetch="select">
            <column name="commenterID" not-null="true" />
        </many-to-one>
        <property name="content" type="java.lang.String">
            <column name="content" not-null="true" />
        </property>
        <property name="floor" type="java.lang.Integer">
            <column name="floor" not-null="true" />
        </property>
        <property name="commentDate" type="java.sql.Timestamp">
            <column name="commentDate" length="19" not-null="true" />
        </property>
    </class>
</hibernate-mapping>
