<?xml version="1.0" encoding="utf-8"?>
<!DOCTYPE hibernate-mapping PUBLIC "-//Hibernate/Hibernate Mapping DTD 3.0//EN"
"http://www.hibernate.org/dtd/hibernate-mapping-3.0.dtd">
<!-- 
    Mapping file autogenerated by MyEclipse Persistence Tools
-->
<hibernate-mapping>
    <class name="com.dycaly.TLMSever.Entity.Home" table="home" catalog="dycaly">
        <id name="homeId" type="java.lang.Integer">
            <column name="homeID" />
            <generator class="assigned" />
        </id>
        <many-to-one name="product" class="com.dycaly.TLMSever.Entity.Product" fetch="select">
            <column name="productID" not-null="true" />
        </many-to-one>
        <property name="which" type="java.lang.Integer">
            <column name="which" not-null="true" />
        </property>
    </class>
</hibernate-mapping>
