<?xml version="1.0" encoding="utf-8"?>
<!DOCTYPE hibernate-mapping PUBLIC "-//Hibernate/Hibernate Mapping DTD 3.0//EN"
"http://www.hibernate.org/dtd/hibernate-mapping-3.0.dtd">
<!-- 
    Mapping file autogenerated by MyEclipse Persistence Tools
-->
<hibernate-mapping>
    <class name="com.dycaly.TLMSever.Entity.Message" table="message" catalog="dycaly">
        <id name="messageId" type="java.lang.Integer">
            <column name="messageID" />
            <generator class="identity" />
        </id>
        <many-to-one name="userBySenderId" class="com.dycaly.TLMSever.Entity.User" fetch="select">
            <column name="senderID" not-null="true" />
        </many-to-one>
        <many-to-one name="userByReceverId" class="com.dycaly.TLMSever.Entity.User" fetch="select">
            <column name="receverID" not-null="true" />
        </many-to-one>
        <property name="content" type="java.lang.String">
            <column name="content" not-null="true" />
        </property>
        <property name="sendate" type="java.sql.Timestamp">
            <column name="sendate" length="19" not-null="true" />
        </property>
        <property name="isSaw" type="java.lang.Integer">
            <column name="isSaw" not-null="true" />
        </property>
    </class>
</hibernate-mapping>
