<?xml version="1.0" encoding="utf-8"?>
<!DOCTYPE hibernate-mapping PUBLIC "-//Hibernate/Hibernate Mapping DTD 3.0//EN"
"http://www.hibernate.org/dtd/hibernate-mapping-3.0.dtd">
<!-- 
    Mapping file autogenerated by MyEclipse Persistence Tools
-->
<hibernate-mapping>
    <class name="com.dycaly.TLMSever.Entity.Product" table="product" catalog="dycaly">
        <id name="productId" type="java.lang.Integer">
            <column name="productID" />
            <generator class="identity" />
        </id>
        <many-to-one name="userByBuyerId" class="com.dycaly.TLMSever.Entity.User" fetch="select">
            <column name="buyerID" />
        </many-to-one>
        <many-to-one name="classify" class="com.dycaly.TLMSever.Entity.Classify" fetch="select">
            <column name="belongsToID" not-null="true" />
        </many-to-one>
        <many-to-one name="userBySellerId" class="com.dycaly.TLMSever.Entity.User" fetch="select">
            <column name="sellerID" not-null="true" />
        </many-to-one>
        <property name="productUrl" type="java.lang.String">
            <column name="productUrl" not-null="true" />
        </property>
        <property name="productName" type="java.lang.String">
            <column name="productName" not-null="true" />
        </property>
        <property name="productIntro" type="java.lang.String">
            <column name="productIntro" not-null="true" />
        </property>
        <property name="hightestPrice" type="java.lang.Integer">
            <column name="hightestPrice" not-null="true" />
        </property>
        <property name="lowestPrice" type="java.lang.Integer">
            <column name="lowestPrice" not-null="true" />
        </property>
        <property name="cutPrice" type="java.lang.Integer">
            <column name="cutPrice" not-null="true" />
        </property>
        <property name="cutTime" type="java.lang.Integer">
            <column name="cutTime" not-null="true" />
        </property>
        <property name="status" type="java.lang.Integer">
            <column name="status" not-null="true" />
        </property>
        <property name="sellDate" type="java.sql.Timestamp">
            <column name="sellDate" length="19" not-null="true" />
        </property>
        <property name="lastPrice" type="java.lang.Integer">
            <column name="lastPrice" />
        </property>
        <set name="homes" inverse="true">
            <key>
                <column name="productID" not-null="true" />
            </key>
            <one-to-many class="com.dycaly.TLMSever.Entity.Home" />
        </set>
        <set name="comments" inverse="true">
            <key>
                <column name="productID" not-null="true" />
            </key>
            <one-to-many class="com.dycaly.TLMSever.Entity.Comment" />
        </set>
    </class>
</hibernate-mapping>
