<?xml version="1.0" encoding="utf-8"?>
<!DOCTYPE hibernate-mapping PUBLIC "-//Hibernate/Hibernate Mapping DTD 3.0//EN"
"http://www.hibernate.org/dtd/hibernate-mapping-3.0.dtd">
<!-- 
    Mapping file autogenerated by MyEclipse Persistence Tools
-->
<hibernate-mapping>
    <class name="com.dycaly.TLMSever.Entity.Recentfd" table="recentfd" catalog="dycaly">
        <id name="recentfdId" type="java.lang.Integer">
            <column name="recentfdID" />
            <generator class="assigned" />
        </id>
        <many-to-one name="userByOwnerId" class="com.dycaly.TLMSever.Entity.User" fetch="select">
            <column name="ownerID" not-null="true" />
        </many-to-one>
        <many-to-one name="userByOwnedId" class="com.dycaly.TLMSever.Entity.User" fetch="select">
            <column name="ownedID" not-null="true" />
        </many-to-one>
    </class>
</hibernate-mapping>
