<?xml version="1.0" encoding="utf-8"?>
<!DOCTYPE hibernate-mapping PUBLIC "-//Hibernate/Hibernate Mapping DTD 3.0//EN"
"http://www.hibernate.org/dtd/hibernate-mapping-3.0.dtd">
<!-- 
    Mapping file autogenerated by MyEclipse Persistence Tools
-->
<hibernate-mapping>
    <class name="com.dycaly.TLMSever.Entity.Reqaddfriend" table="reqaddfriend" catalog="dycaly">
        <id name="reqaddfriendId" type="java.lang.Integer">
            <column name="reqaddfriendId" />
            <generator class="identity" />
        </id>
        <many-to-one name="userByReqedId" class="com.dycaly.TLMSever.Entity.User" fetch="select">
            <column name="reqedID" not-null="true" />
        </many-to-one>
        <many-to-one name="userByReqerId" class="com.dycaly.TLMSever.Entity.User" fetch="select">
            <column name="reqerID" not-null="true" />
        </many-to-one>
        <property name="reqtime" type="java.sql.Timestamp">
            <column name="reqtime" length="19" not-null="true" />
        </property>
        <property name="issaw" type="java.lang.Integer">
            <column name="issaw" not-null="true" />
        </property>
    </class>
</hibernate-mapping>
