<?xml version="1.0" encoding="utf-8"?>
<!DOCTYPE hibernate-mapping PUBLIC "-//Hibernate/Hibernate Mapping DTD 3.0//EN"
"http://www.hibernate.org/dtd/hibernate-mapping-3.0.dtd">
<!-- 
    Mapping file autogenerated by MyEclipse Persistence Tools
-->
<hibernate-mapping>
    <class name="com.dycaly.TLMSever.Entity.Userditals" table="userditals" catalog="dycaly">
        <id name="userId" type="java.lang.Integer">
            <column name="userID" />
            <generator class="assigned" />
        </id>
        <many-to-one name="user" class="com.dycaly.TLMSever.Entity.User" update="false" insert="false" fetch="select">
            <column name="userID" not-null="true" unique="true" />
        </many-to-one>
        <property name="picUrl" type="java.lang.String">
            <column name="pic_url" />
        </property>
        <property name="nickname" type="java.lang.String">
            <column name="nickname" />
        </property>
        <property name="name" type="java.lang.String">
            <column name="name" />
        </property>
        <property name="age" type="java.lang.Integer">
            <column name="age" />
        </property>
        <property name="sex" type="java.lang.Integer">
            <column name="sex" />
        </property>
        <property name="school" type="java.lang.String">
            <column name="school" />
        </property>
        <property name="college" type="java.lang.String">
            <column name="college" />
        </property>
        <property name="email" type="java.lang.String">
            <column name="email" />
        </property>
        <property name="phone" type="java.lang.String">
            <column name="phone" />
        </property>
        <property name="regdate" type="java.sql.Timestamp">
            <column name="regdate" length="19" not-null="true" />
        </property>
    </class>
</hibernate-mapping>
