<?xml version="1.0" encoding="utf-8"?>
<!DOCTYPE hibernate-mapping PUBLIC "-//Hibernate/Hibernate Mapping DTD 3.0//EN"
"http://www.hibernate.org/dtd/hibernate-mapping-3.0.dtd">
<!-- 
    Mapping file autogenerated by MyEclipse Persistence Tools
-->
<hibernate-mapping>
    <class name="com.dycaly.TLMSever.Entity.User" table="user" catalog="dycaly">
        <id name="userId" type="java.lang.Integer">
            <column name="userID" />
            <generator class="assigned" />
        </id>
        <property name="username" type="java.lang.String">
            <column name="username" not-null="true" />
        </property>
        <property name="password" type="java.lang.String">
            <column name="password" not-null="true" />
        </property>
        <property name="token" type="java.lang.String">
            <column name="token" not-null="true" />
        </property>
        <property name="authority" type="java.lang.Integer">
            <column name="authority" not-null="true" />
        </property>
        <set name="userditalses" inverse="true">
            <key>
                <column name="userID" not-null="true" unique="true" />
            </key>
            <one-to-many class="com.dycaly.TLMSever.Entity.Userditals" />
        </set>
        <set name="reqaddfriendsForReqedId" inverse="true">
            <key>
                <column name="reqedID" not-null="true" />
            </key>
            <one-to-many class="com.dycaly.TLMSever.Entity.Reqaddfriend" />
        </set>
        <set name="productsForSellerId" inverse="true">
            <key>
                <column name="sellerID" not-null="true" />
            </key>
            <one-to-many class="com.dycaly.TLMSever.Entity.Product" />
        </set>
        <set name="reqaddfriendsForReqerId" inverse="true">
            <key>
                <column name="reqerID" not-null="true" />
            </key>
            <one-to-many class="com.dycaly.TLMSever.Entity.Reqaddfriend" />
        </set>
        <set name="productsForBuyerId" inverse="true">
            <key>
                <column name="buyerID" />
            </key>
            <one-to-many class="com.dycaly.TLMSever.Entity.Product" />
        </set>
        <set name="userfriendsForOwnedId" inverse="true">
            <key>
                <column name="ownedID" not-null="true" />
            </key>
            <one-to-many class="com.dycaly.TLMSever.Entity.Userfriend" />
        </set>
        <set name="recentfdsForOwnedId" inverse="true">
            <key>
                <column name="ownedID" not-null="true" />
            </key>
            <one-to-many class="com.dycaly.TLMSever.Entity.Recentfd" />
        </set>
        <set name="userfriendsForOwnerId" inverse="true">
            <key>
                <column name="ownerID" not-null="true" />
            </key>
            <one-to-many class="com.dycaly.TLMSever.Entity.Userfriend" />
        </set>
        <set name="recentfdsForOwnerId" inverse="true">
            <key>
                <column name="ownerID" not-null="true" />
            </key>
            <one-to-many class="com.dycaly.TLMSever.Entity.Recentfd" />
        </set>
        <set name="messagesForReceverId" inverse="true">
            <key>
                <column name="receverID" not-null="true" />
            </key>
            <one-to-many class="com.dycaly.TLMSever.Entity.Message" />
        </set>
        <set name="messagesForSenderId" inverse="true">
            <key>
                <column name="senderID" not-null="true" />
            </key>
            <one-to-many class="com.dycaly.TLMSever.Entity.Message" />
        </set>
        <set name="comments" inverse="true">
            <key>
                <column name="commenterID" not-null="true" />
            </key>
            <one-to-many class="com.dycaly.TLMSever.Entity.Comment" />
        </set>
    </class>
</hibernate-mapping>
