<?xml version='1.0' encoding='UTF-8'?>
<!DOCTYPE hibernate-configuration PUBLIC
          "-//Hibernate/Hibernate Configuration DTD 3.0//EN"
          "http://www.hibernate.org/dtd/hibernate-configuration-3.0.dtd">
<!-- Generated by MyEclipse Hibernate Tools.                   -->
<hibernate-configuration>

	<session-factory>
		<property name="myeclipse.connection.profile">test</property>
		<property name="connection.url">
			jdbc:mysql://localhost:3306/dycaly
		</property>
		<property name="connection.username">root</property>
		<property name="connection.password">dyc19950807</property>
		<property name="connection.driver_class">
			com.mysql.jdbc.Driver
		</property>
		<property name="dialect">
			org.hibernate.dialect.MySQLDialect
		</property>
		<mapping
			resource="com/dycaly/TLMSever/Entity/Userditals.hbm.xml" />
		<mapping
			resource="com/dycaly/TLMSever/Entity/Reqaddfriend.hbm.xml" />
		<mapping resource="com/dycaly/TLMSever/Entity/Message.hbm.xml" />
		<mapping
			resource="com/dycaly/TLMSever/Entity/Userfriend.hbm.xml" />
		<mapping resource="com/dycaly/TLMSever/Entity/Comment.hbm.xml" />
		<mapping resource="com/dycaly/TLMSever/Entity/Product.hbm.xml" />
		<mapping resource="com/dycaly/TLMSever/Entity/Home.hbm.xml" />
		<mapping resource="com/dycaly/TLMSever/Entity/User.hbm.xml" />
		<mapping resource="com/dycaly/TLMSever/Entity/Recentfd.hbm.xml" />
		<mapping resource="com/dycaly/TLMSever/Entity/Classify.hbm.xml" />

	</session-factory>

</hibernate-configuration>